brand,model,referenceNumber,caseSize
Rolex,GMT Master II,RolexGMT Master II116710 BLNR,40 MM
Rolex,Submariner,RolexSubmariner116610 LN,40 MM
Rolex,Submariner,RolexSubmariner16610,40 MM
Rolex,Submariner,RolexSubmariner116610 LV,40 MM
Rolex,GMT Master II,RolexGMT Master II116710 LN,40 MM
Rolex,Submariner,RolexSubmariner114060,40 MM
Omega,Seamaster 300m,OmegaSeamaster 300m2531.80.00,41 MM
Rolex,Daytona,RolexDaytona116520,40 MM
Rolex,Submariner,RolexSubmariner16610 LV,40 MM
Rolex,Daytona,RolexDaytona116520,40 MM
